{"cameraMode":{"drawMode":0,"name":"Shaded","section":"Shading Mode"},"sceneLighting":false,"audioPlay":false,"sceneViewState":{"m_AlwaysRefresh":false,"showFog":true,"showSkybox":false,"showFlares":true,"showImageEffects":true,"showParticleSystems":true,"showVisualEffectGraphs":true,"m_FxEnabled":true},"in2DMode":false,"pivot":{"x":2.437199115753174,"y":0.8990378379821777,"z":-4.055539131164551},"rotation":{"x":-0.034479498863220218,"y":0.9655874967575073,"z":-0.18496719002723695,"w":-0.17867323756217957},"size":0.24066410958766938,"orthographic":false}