{"cameraMode":{"drawMode":0,"name":"Shaded","section":"Shading Mode"},"sceneLighting":true,"audioPlay":false,"sceneViewState":{"m_AlwaysRefresh":false,"showFog":true,"showSkybox":true,"showFlares":true,"showImageEffects":true,"showParticleSystems":true,"showVisualEffectGraphs":true,"m_FxEnabled":true},"in2DMode":false,"pivot":{"x":2.3071722984313967,"y":1.2328649759292603,"z":10.982922554016114},"rotation":{"x":0.026701830327510835,"y":0.8525689840316773,"z":-0.043779730796813968,"w":0.5197645425796509},"size":1.2247449159622193,"orthographic":false}