{"cameraMode":{"drawMode":0,"name":"Shaded","section":"Shading Mode"},"sceneLighting":false,"audioPlay":false,"sceneViewState":{"m_AlwaysRefresh":false,"showFog":true,"showSkybox":false,"showFlares":true,"showImageEffects":true,"showParticleSystems":true,"showVisualEffectGraphs":true,"m_FxEnabled":true},"in2DMode":false,"pivot":{"x":1.7663381099700928,"y":0.6471015810966492,"z":-4.049989700317383},"rotation":{"x":0.011153974570333958,"y":0.9745597839355469,"z":-0.2172403335571289,"w":0.051252011209726337},"size":1.1072293519973755,"orthographic":false}