{"cameraMode":{"drawMode":0,"name":"Shaded","section":"Shading Mode"},"sceneLighting":true,"audioPlay":false,"sceneViewState":{"m_AlwaysRefresh":false,"showFog":true,"showSkybox":true,"showFlares":true,"showImageEffects":true,"showParticleSystems":true,"showVisualEffectGraphs":true,"m_FxEnabled":true},"in2DMode":false,"pivot":{"x":-10.018380165100098,"y":2.3755829334259035,"z":9.134709358215332},"rotation":{"x":0.07798963785171509,"y":0.8344302773475647,"z":-0.12256044894456864,"w":0.5313003659248352},"size":1.2247449159622193,"orthographic":false}